neighborhood,name,lat,lon,address,categories,has_cuisine_tag,cuisine_raw,has_opening_hours,opening_hours_raw,has_price_signal,price_signal_raw
Allston/BU,Crispy Crêpes Café,42.3496106,-71.1056579,"Crispy Crêpes Café, 714 Commonwealth Avenue, Boston, MA 02215, United States of America",catering;catering.restaurant,True,crepe;sandwich;kebab;breakfast,False,,False,
Allston/BU,University Grill and Pizza,42.3495951,-71.1055778,"University Grill and Pizza, 712 Commonwealth Avenue, Boston, MA 02215, United States of America",catering;catering.restaurant;catering.restaurant.greek,True,greek;pizza,True,10:00-22:00,False,
Allston/BU,Insomnia Cookies,42.3495709,-71.1053904,"Insomnia Cookies, 708 Commonwealth Avenue, Boston, MA 02215, United States of America",catering;catering.restaurant;commercial;commercial.food_and_drink;commercial.food_and_drink.bakery,True,snack,True,Mo-We 11:00-03:00; Sa 12:00-03:00; Su 12:00-01:00,False,
Allston/BU,Bejing Cafe,42.3496762,-71.1063293,"Bejing Cafe, 728 Commonwealth Avenue, Boston, MA 02215, United States of America",catering;catering.restaurant;catering.restaurant.chinese,True,chinese,True,Mo-Su 11:00-21:30,False,
Allston/BU,Warren Towers Dining Hall,42.3493957,-71.1040558,"Warren Towers Dining Hall, 700 Commonwealth Avenue, Boston, MA 02215, United States of America",catering;catering.restaurant,False,,True,"""No public access""",False,
Allston/BU,Nud Pob,42.3498593,-71.1073101,"Nud Pob, 738 Commonwealth Avenue, Boston, MA 02215, United States of America",catering;catering.restaurant;catering.restaurant.thai,True,thai,True,"Mo-Fr 11:00-15:00,16:00-22:00; Sa,Su 00:00-15:00,16:00-22:00",False,
Allston/BU,Basho Express,42.3494125,-71.1033215,"Basho Express, 700 Commonwealth Avenue, Boston, MA 02215, United States of America",catering;catering.restaurant;catering.restaurant.asian,True,asian,True,11:00-21:00,False,
Allston/BU,Noodle Street,42.3497799,-71.1016122,"Noodle Street, 627 Commonwealth Avenue, Boston, MA 02215, United States of America",building;building.catering;building.commercial;catering;catering.restaurant;catering.restaurant.thai,True,thai,False,,False,
Allston/BU,Futago Udon,42.3475771,-71.1059018,"Futago Udon, 508-512 Park Drive, Boston, MA 02215, United States of America",catering;catering.restaurant,False,,False,,False,
Allston/BU,Mei Mei,42.3475266,-71.1059876,"Mei Mei, 506 Park Drive, Boston, MA 02215, United States of America",catering;catering.restaurant,False,,False,,False,
Allston/BU,Audubon,42.347314,-71.1031467,"Audubon, 838 Beacon Street, Boston, MA 02215, United States of America",catering;catering.restaurant;catering.restaurant.american,True,american,False,,False,
Allston/BU,Cafe Landwer,42.3467642,-71.1057186,"Cafe Landwer, 900 Beacon Street, Boston, MA 02215, United States of America",catering;catering.restaurant;gluten_free;vegan,True,israeli,True,Mo-Su 08:00-21:30,False,
Allston/BU,Sol Azteca,42.3465892,-71.1062333,"Sol Azteca, 914 Beacon Street, Boston, MA 02215, United States of America",catering;catering.restaurant;catering.restaurant.mexican,True,mexican,False,,False,
Allston/BU,Gyu-Kaku,42.3463697,-71.1070249,"Gyu-Kaku, 1002 Beacon Street, Brookline, MA 02446, United States of America",catering;catering.restaurant,True,japanese;barbecue,True,Mo-Sa 11:00-22:00; Su 11:00-21:30,False,
Allston/BU,Liyin Rice Roll Master,42.3463412,-71.1071426,"Liyin Rice Roll Master, Beacon Street, Brookline, MA 02215, United States of America",catering;catering.restaurant,False,,False,,False,
Allston/BU,Baby Cafe,42.3463214,-71.1072094,"Baby Cafe, Beacon Street, Brookline, MA 02215, United States of America",catering;catering.restaurant,False,,False,,False,
Allston/BU,Kyuramen,42.3463013,-71.1073159,"Kyuramen, 1004;1006;1008;1008A;1010;1012;1014;1016 Beacon Street, Brookline, MA 02215, United States of America",catering;catering.restaurant;catering.restaurant.ramen,True,ramen,False,,False,
Allston/BU,Ssaanjh,42.3462757,-71.1074772,"Ssaanjh, 1012 Beacon Street, Brookline, MA 02446, United States of America",catering;catering.restaurant;catering.restaurant.indian,True,indian,True,"Tu-Su 11:30-14:30, 17:00-22:00",False,
Allston/BU,Mighty Squirrel Taproom & Kitchen,42.3470612,-71.1011857,"Mighty Squirrel Taproom & Kitchen, 1 David Ortiz Drive, Boston, MA 02215, United States of America",catering;catering.restaurant;catering.restaurant.american,True,american;mexican,True,Mo-Fr 11:00-00:00; Sa 10:00-00:00; Su 10:00-22:00,False,
Allston/BU,Taberna de Haro,42.3458181,-71.1067723,"Taberna de Haro, 999 Beacon Street, Brookline, MA 02446, United States of America",catering;catering.restaurant;catering.restaurant.spanish;wheelchair;wheelchair.yes,True,spanish,True,"Mo-Sa 17:00+; Su,PH off",False,
Back Bay,Dirty Water Dough Co.,42.3497522,-71.0810802,"Dirty Water Dough Co., 222 Newbury Street, Boston, MA 02116, United States of America",catering;catering.restaurant;catering.restaurant.pizza,True,pizza,False,,False,
Back Bay,Umai,42.3497013,-71.0811355,"Umai, 224 Newbury Street, Boston, MA 02116, United States of America",catering;catering.restaurant;catering.restaurant.sushi,True,sushi,False,,False,
Back Bay,Joe’s American Bar & Grill,42.3505427,-71.0797493,"Joe’s American Bar & Grill, 181 Newbury Street, Boston, MA 02116, United States of America",catering;catering.restaurant;internet_access;wheelchair;wheelchair.yes,False,,True,"Mo-Fr 11:00-24:00, Sa-Su 09:00-24:00",False,
Back Bay,Typhoon Asian Bistro,42.3495821,-71.0801528,"Typhoon Asian Bistro, 725 Boylston Street, Boston, MA 02116, United States of America",catering;catering.restaurant;catering.restaurant.asian,True,asian,False,,False,
Back Bay,Stephany's on Newbury,42.350176,-71.079582,"Stephany's on Newbury, 190 Newbury Street, Boston, MA 02116, United States of America",catering;catering.restaurant;internet_access;wheelchair;wheelchair.yes,False,,False,,False,
Back Bay,Serafina,42.3498904,-71.0820805,"Serafina, 237 Newbury Street, Boston, MA 02116, United States of America",catering;catering.restaurant,False,,False,,False,
Back Bay,Atlantic Fish,42.3492931,-71.0811812,"Atlantic Fish, 761 Boylston Street, Boston, MA 02116, United States of America",catering;catering.restaurant;catering.restaurant.seafood;wheelchair;wheelchair.yes,True,seafood,False,,False,
Back Bay,Abe & Louie's,42.3491548,-71.0815528,"Abe & Louie's, 793 Boylston Street, Boston, MA 02116, United States of America",catering;catering.restaurant;catering.restaurant.steak_house;wheelchair;wheelchair.yes,True,steak_house,True,Fr 11:30-23:00; Mo-Th 11:30-22:00; Su 11:00-22:00,False,
Back Bay,Union Park Pizza,42.3494142,-71.0824006,"Union Park Pizza, 244 Newbury Street, Boston, MA 02116, United States of America",building;building.catering;catering;catering.restaurant;gluten_free;vegetarian,True,pizza;slices;italian;beer_&_wine,True,Mo-Su 11:00-22:00,False,
Back Bay,Wen's Yunnan Noodle & Ramen,42.3497387,-71.0826974,"Wen's Yunnan Noodle & Ramen, 247 Newbury Street, Boston, MA 02116, United States of America",catering;catering.restaurant;wheelchair;wheelchair.limited,False,,False,,False,
Back Bay,CAVA,42.3499229,-71.0788193,"CAVA, 669 Boylston Street, Boston, MA 02116, United States of America",catering;catering.restaurant;catering.restaurant.mediterranean,True,mediterranean,True,Mo-Su 10:45-20:00,False,
Back Bay,Double Zero,42.3508468,-71.0787948,"Double Zero, 163 Newbury Street, Boston, MA 02116, United States of America",catering;catering.restaurant;catering.restaurant.pizza;vegan,True,pizza,False,,False,
Back Bay,Sakabayashi Sushi Tavern by SUSHIRO,42.3499391,-71.0787197,"Sakabayashi Sushi Tavern by SUSHIRO, 665 Boylston Street, Boston, MA 02116, United States of America",catering;catering.restaurant;catering.restaurant.sushi,True,sushi,True,Mo-Su 11:30-15:00; mo-th 17:00-22:00; fr 17:00-22:30,False,
Back Bay,Cha Feo,42.3493675,-71.0825335,"Cha Feo, 248 Newbury Street, Boston, MA 02116, United States of America",access;access.yes;catering;catering.restaurant,True,bubble_tea,False,,False,
Back Bay,City Table,42.3490394,-71.0794633,"City Table, 65 Exeter Street, Boston, MA 02116, United States of America",catering;catering.restaurant,False,,True,"Mo-Fr 07:00-11:00, Sa,Su 07:00-15:00, Mo-Su 16:30-18:00+",False,
Back Bay,Lobstah on a Roll,42.3493147,-71.082737,"Lobstah on a Roll, 254 Newbury Street, Boston, MA 02116, United States of America",catering;catering.restaurant,True,seafood;lobster,False,,False,
Back Bay,The Capital Burger,42.3508777,-71.0785765,"The Capital Burger, 159 Newbury Street, Boston, MA 02116, United States of America",catering;catering.restaurant;catering.restaurant.burger;wheelchair;wheelchair.yes,True,burger,False,,False,
Back Bay,Luke's Lobster Back Bay,42.3487872,-71.07932,"Luke's Lobster Back Bay, 75 Exeter Street, Boston, MA 02116, United States of America",catering;catering.restaurant;catering.restaurant.seafood;wheelchair;wheelchair.yes,True,seafood,True,Su-We 11:00-21:00; Th-Sa 11:00-22:00,False,
Back Bay,La Voile,42.3495859,-71.0832858,"La Voile, 261 Newbury Street, Boston, MA 02116, United States of America",catering;catering.restaurant,False,,False,,False,
Back Bay,PURO ceviche bar,42.3492309,-71.0831297,"PURO ceviche bar, 264 Newbury Street, Boston, MA 02116, United States of America",catering;catering.restaurant,True,latin_american;wine;seafood,False,,False,
Fenway,Max and Leo's,42.3470711,-71.0982672,"Max and Leo's, 4 Jersey Street, Boston, MA 02115, United States of America",catering;catering.restaurant;catering.restaurant.pizza,True,pizza,False,,False,
Fenway,Dell Technologies Club,42.3458914,-71.0981069,"Dell Technologies Club, 4 Jersey Street, Boston, MA 02115, United States of America",catering;catering.restaurant,False,,False,,False,
Fenway,Royal Rooters Club,42.3462967,-71.0956324,"Royal Rooters Club, 4 Jersey Street, Boston, MA 02115, United States of America",activity;activity.sport_club;catering;catering.restaurant,False,,False,,False,
Fenway,Sal's Pizza,42.3473432,-71.0986931,"Sal's Pizza, 51 Brookline Avenue, Boston, MA 02215, United States of America",building;building.catering;catering;catering.restaurant;catering.restaurant.pizza,True,pizza,False,,False,
Fenway,Loco Taqueria & Oyster Bar,42.3469999,-71.0989887,"Loco Taqueria & Oyster Bar, 61 Brookline Avenue, Boston, MA 02215, United States of America",catering;catering.restaurant,False,,True,Mo-Fr 11:00-01:00; Sa-Su 10:00-01:00,False,
Fenway,House of Blues,42.3474108,-71.0955967,"House of Blues, 15 Lansdowne Street, Boston, MA 02215, United States of America",catering;catering.restaurant;catering.restaurant.american,True,american,False,,False,
Fenway,Fenway Johnnies,42.3461322,-71.0992865,"Fenway Johnnies, 96 Brookline Avenue, Boston, MA 02215, United States of America",building;building.catering;catering;catering.restaurant,False,,False,,False,
Fenway,Blue Ribbon,42.3485601,-71.0961765,"Blue Ribbon, 528 Commonwealth Avenue, Boston, MA 02215, United States of America",catering;catering.restaurant;wheelchair;wheelchair.yes,False,,True,"Mo-Th 16:00-22:00; Fr,Sa 16:00-23:00; Su 11:00-16:00,16:00-21:00",False,
Fenway,Honeygrow,42.3446359,-71.0965848,"Honeygrow, 1282 Boylston Street, Boston, MA 02215, United States of America",catering;catering.restaurant,False,,False,,False,
Fenway,Blaze Pizza,42.3444241,-71.0974206,"Blaze Pizza, 1282 Boylston Street, Boston, MA 02215, United States of America",catering;catering.restaurant;catering.restaurant.pizza;wheelchair;wheelchair.yes,True,pizza,True,Mo-Su 11:00-22:00,False,
Fenway,Tasty Burger,42.3449155,-71.0992804,"Tasty Burger, Richard B. Ross Way, Boston, MA 02215, United States of America",catering;catering.restaurant,False,,False,,False,
Fenway,Citizen Public House & Oyster Bar,42.3442902,-71.0979167,"Citizen Public House & Oyster Bar, 1310 Boylston Street, Boston, MA 02215, United States of America",catering;catering.restaurant,False,,False,,False,
Fenway,Regina Pizzeria,42.344243,-71.0981022,"Regina Pizzeria, 1330 Boylston Street, Boston, MA 02215, United States of America",catering;catering.restaurant;catering.restaurant.pizza,True,pizza,True,Mo-Th 11:00-20:00; Fr-Sa 11:00-21:00,False,
Fenway,Eventide FENWAY,42.3444645,-71.0990561,"Eventide FENWAY, 1321 Boylston Street, Boston, MA 02215, United States of America",catering;catering.restaurant;catering.restaurant.seafood,True,seafood,False,,False,
Fenway,Yard House,42.3452683,-71.1003432,"Yard House, 122;126;130 Brookline Avenue, Boston, MA 02215, United States of America",catering;catering.restaurant;catering.restaurant.american,True,american,False,,False,
Fenway,Basho,42.3441,-71.0986476,"Basho, 1338 Boylston Street, Boston, MA 02215, United States of America",catering;catering.restaurant;catering.restaurant.sushi,True,sushi,False,,False,
Fenway,India Quality,42.3485475,-71.0942315,"India Quality, 484 Commonwealth Avenue, Boston, MA 02215, United States of America",catering;catering.restaurant;catering.restaurant.indian;gluten_free;vegan;vegetarian,True,indian,True,"Mo-Fr 11:30-15:00,17:00-22:30; Sa,Su 11:30-22:30",False,
Fenway,Wahlburgers,42.345085,-71.1005241,"Wahlburgers, 132 Brookline Avenue, Boston, MA 02215, United States of America",catering;catering.restaurant,True,burger;bar_and_grill,True,Mo-Su 11:00-22:00,False,
Fenway,CAVA,42.3439858,-71.0992161,"CAVA, 1350 Boylston Street, Boston, MA 02215, United States of America",catering;catering.restaurant;catering.restaurant.mediterranean;wheelchair;wheelchair.yes,True,mediterranean,True,Mo-Su 10:45-22:00,False,
Cambridge/Harvard Sq,Russell House Tavern,42.3731448,-71.1195115,"Russell House Tavern, 14 John F. Kennedy Street, Cambridge, MA 02138, United States of America",catering;catering.restaurant,False,,False,,False,
Cambridge/Harvard Sq,Hourly Oyster House,42.3728825,-71.1190991,"Hourly Oyster House, 11;13;15;17;19;21 Dunster Street, Cambridge, MA 02138, United States of America",catering;catering.restaurant;wheelchair;wheelchair.yes,False,,False,,False,
Cambridge/Harvard Sq,Saloniki Greek,42.3728171,-71.1188514,"Saloniki Greek, 24 Dunster Street, Cambridge, MA 02138, United States of America",catering;catering.restaurant;catering.restaurant.greek;wheelchair;wheelchair.yes,True,greek,True,Mo-Su 11:00-21:00,False,
Cambridge/Harvard Sq,Whole Heart Provisions,42.3727832,-71.118741,"Whole Heart Provisions, 1350 Massachusetts Avenue, Cambridge, MA 02138, United States of America",catering;catering.restaurant,False,,False,,False,
Cambridge/Harvard Sq,El Jefe's Taqueria,42.3732683,-71.1199556,"El Jefe's Taqueria, 14 Brattle Street, Cambridge, MA 02138, United States of America",catering;catering.restaurant;catering.restaurant.mexican;wheelchair;wheelchair.yes,True,mexican,True,Mo-Su 08:00-04:00,False,
Cambridge/Harvard Sq,Bon Me,42.3727178,-71.118513,"Bon Me, 1350 Massachusetts Avenue, Cambridge, MA 02138, United States of America",catering;catering.restaurant;catering.restaurant.vietnamese,True,vietnamese,True,Mo-Fr 10:30-20:00; Sa-Su 11:00-20:00,False,
Cambridge/Harvard Sq,Le's,42.3725854,-71.1194003,"Le's, Dunster Street, Cambridge, MA 02318, United States of America",catering;catering.restaurant;catering.restaurant.vietnamese;wheelchair;wheelchair.limited,True,vietnamese,False,,False,
Cambridge/Harvard Sq,The Smoke Shop,42.3726895,-71.1179528,"The Smoke Shop, 8 Holyoke Street, Cambridge, MA 02138, United States of America",building;building.catering;building.commercial;catering;catering.restaurant;catering.restaurant.barbecue,True,barbecue,True,"Mo-Th 11:30-21:00, Fr-Sa 11:30-22:00, Su 11:30-20:00",False,
Cambridge/Harvard Sq,Chutney's,42.3725172,-71.1194478,"Chutney's, Mount Auburn Street, Cambridge, MA 02163, United States of America",catering;catering.restaurant;wheelchair;wheelchair.yes,False,,False,,False,
Cambridge/Harvard Sq,Oggi,42.3724155,-71.1190977,"Oggi, 1350 Massachusetts Avenue, Cambridge, MA 02138, United States of America",catering;catering.restaurant;catering.restaurant.pizza;wheelchair;wheelchair.yes,True,pizza,True,Mo-Fr 08:00-22:00; Sa 11:00-22:00,False,
Cambridge/Harvard Sq,Felipe's Taqueria,42.3734706,-71.120511,"Felipe's, 21 Brattle Street, Cambridge, MA 02138, United States of America",catering;catering.restaurant;wheelchair;wheelchair.yes,True,mexican;bar,True,Su-We 11:00-24:00; Th-Sa 11:00-02:00,False,
Cambridge/Harvard Sq,The Painted Burro,42.374301,-71.1202484,"The Painted Burro, 32 Church Street, Cambridge, MA 02138, United States of America",catering;catering.restaurant;catering.restaurant.mexican,True,mexican,True,Mo-Th 16:00-22:00; Fr 11:30-23:00; Sa 10:00-23:00; Su 10:00-22:00,False,
Cambridge/Harvard Sq,Source,42.374526,-71.1200301,"Source, 27;29 Church Street, Cambridge, MA 02163, United States of America",catering;catering.restaurant;wheelchair;wheelchair.yes,True,breakfast;pizza,True,Mo-Th 12:00-22:00; Fr 12:00-23:00; Sa 11:00-23:00; Su 11:00-22:00,False,
Cambridge/Harvard Sq,Bosso Ramen Tavern,42.372168,-71.118338,"Bosso Ramen Tavern, 24 Holyoke Street, Cambridge, MA 02138, United States of America",catering;catering.restaurant;catering.restaurant.japanese;wheelchair;wheelchair.yes,True,japanese,False,,False,
Cambridge/Harvard Sq,Waku Waku Ramen,42.3735608,-71.1209134,"Waku Waku Ramen, 33 Brattle Street, Cambridge, MA 02138, United States of America",catering;catering.restaurant;catering.restaurant.japanese,True,japanese,True,Mo-Th 11:30-21:30; Fr-Su 11:30-22:30,False,
Cambridge/Harvard Sq,Alden & Harlow,42.3735585,-71.1213903,"Alden & Harlow, 40 Brattle Street, Cambridge, MA 02138, United States of America",catering;catering.restaurant;catering.restaurant.american;wheelchair;wheelchair.yes,True,american,False,,False,
Cambridge/Harvard Sq,Pinocchio's Pizza and Subs,42.3720032,-71.1202684,"Pinocchio's Pizza and Subs, 74 Winthrop Street, Cambridge, MA 02163, United States of America",catering;catering.restaurant;catering.restaurant.pizza,True,pizza,True,"Mo-Th 11:00-01:00, Fr,Sa 11:00-02:00, Su 12:00-24:00",False,
Cambridge/Harvard Sq,Nine Tastes,42.3720202,-71.1204502,"Nine Tastes, 50 John F. Kennedy Street, Cambridge, MA 02138, United States of America",catering;catering.restaurant;vegetarian,False,,True,Mo-Th 11:30-22:00; Fr 11:30-22:30; Sa 12:00-22:30; Su 12:00-22:00,False,
Cambridge/Harvard Sq,The Maharaja,42.3721709,-71.1207789,"The Maharaja, 57 John F. Kennedy Street, Cambridge, MA 02138, United States of America",catering;catering.restaurant;catering.restaurant.indian,True,indian,True,Mo-Su 12:00-22:00,False,
Cambridge/Harvard Sq,Tom's Bao Bao,42.3722612,-71.1209104,"Tom's Bao Bao, Winthrop Street, Cambridge, MA 02163, United States of America",catering;catering.restaurant,False,,False,,False,
South End,anoush’ella,42.3389144,-71.0739478,"anoush’ella, West Newton Street, Boston, MA 02118, United States of America",catering;catering.restaurant;catering.restaurant.mediterranean;internet_access,True,mediterranean,True,Mo-Th 11:00-21:30; Fr 11:00-21:00; Sa-Su 10:00-21:30,False,
South End,The Shawmut Inn,42.3388813,-71.0759089,"The Shawmut Inn, 477 Shawmut Avenue, Boston, MA 02118, United States of America",catering;catering.restaurant,True,new_american,True,17:00-23:00 “Dinner” || Sa-Su 11:00-15:00 “Brunch”,False,
South End,The Elephant Walk South End,42.3411783,-71.0704759,"The Elephant Walk South End, Washington Street, Boston, MA 02118, United States of America",catering;catering.restaurant,False,,False,,False,
South End,Tremont 647,42.3422009,-71.075363,"Tremont 647, 647 Tremont Street, Boston, MA 02118, United States of America",catering;catering.restaurant,False,,False,,False,
South End,The Upper Crust,42.341522,-71.0765945,"The Upper Crust, 683 Tremont Street, Boston, MA 02118, United States of America",catering;catering.restaurant;catering.restaurant.pizza,True,pizza,False,,False,
South End,Kava Neo-Taverna,42.3423233,-71.0705177,"Kava Neo-Taverna, 315 Shawmut Avenue, Boston, MA 02118, United States of America",catering;catering.restaurant,False,,True,Mo-Th 16:00-22:30; Fr-Sa 11:00-23:30; Su 11:00-22:30,False,
South End,Mike's City Diner,42.3369144,-71.0760097,"Mike's City Diner, 1714 Washington Street, Boston, MA 02118, United States of America",building;building.catering;catering;catering.restaurant,True,diner,True,Mo-Su 07:00-14:00,False,
South End,Metropolis,42.3432382,-71.0726251,"Metropolis, 584 Tremont Street, Boston, MA 02118, United States of America",catering;catering.restaurant,False,,False,,False,
South End,Yunnan Kitchen,42.3369623,-71.0766482,"Yunnan Kitchen, 1721 Washington Street, Boston, MA 02118, United States of America",catering;catering.restaurant;catering.restaurant.chinese,True,chinese,False,,False,
South End,Frenchie Wine Bistro,42.3436292,-71.0717576,"Frenchie Wine Bistro, 560;562 Tremont Street, Boston, MA 02118, United States of America",catering;catering.restaurant;catering.restaurant.french,True,french,False,,False,
South End,Aquitaine,42.3437826,-71.0723582,"Aquitaine, 569 Tremont Street, Boston, MA 02118, United States of America",catering;catering.restaurant,False,,False,,False,
South End,Blunch,42.3354825,-71.0746861,"Blunch, 59 East Springfield Street, Boston, MA 02118, United States of America",catering;catering.restaurant,True,breakfast;sandwich;coffee_shop,True,"Mo-Fr 08:00-03:00, Sa 09:00-03:00",False,
South End,Chilacates Mexican Street Food,42.3430312,-71.0694097,"Chilacates Mexican Street Food, 275 Shawmut Avenue, Boston, MA 02118, United States of America",building;building.catering;catering;catering.restaurant;catering.restaurant.mexican,True,mexican,False,,False,
South End,Gaslight Brasserie,42.3409422,-71.0673326,"Gaslight Brasserie, 560 Harrison Avenue, Boston, MA 02118, United States of America",catering;catering.restaurant;catering.restaurant.french,True,french,False,,False,
South End,B&G Oysters,42.3439044,-71.0712752,"B&G Oysters, 550 Tremont Street, Boston, MA 02118, United States of America",catering;catering.restaurant;catering.restaurant.seafood,True,seafood,False,,False,
South End,Banyan,42.3440669,-71.0717382,"Banyan, 553 Clarendon Street, Boston, MA 02117, United States of America",catering;catering.restaurant,False,,False,,False,
South End,Beehive,42.3443729,-71.0713814,"Beehive, 541 Tremont Street, Boston, MA 02118, United States of America",catering;catering.restaurant;catering.restaurant.american,True,american,False,,False,
South End,Teriyaki and Sushi Express,42.3349445,-71.0753428,"Teriyaki and Sushi Express, 699;701;703;705 Massachusetts Avenue, Boston, MA 02118, United States of America",catering;catering.restaurant;catering.restaurant.sushi,True,sushi,False,,False,
South End,Coppa,42.3434253,-71.0686341,"Coppa, 253 Shawmut Avenue, Boston, MA 02118, United States of America",catering;catering.restaurant;catering.restaurant.italian,True,italian,True,"Sa-Su 12:00-16:00 ""Brunch"" || Su 16:00-21:00; Mo-Th 17:00-22:00; Fr-Sa 17:00-22:30 ""Dinner""",False,
South End,Alex Pizza & Grill,42.3424538,-71.0673038,"Alex Pizza & Grill, 1252 Washington Street, Boston, MA 02118, United States of America",catering;catering.restaurant,True,pizza;sandwich;greek;salad,True,Mo-Su 10:00-03:00,False,
